{
  "swagger": "2.0",
  "info": {
    "title": "ProductService, Version=1.0.0.0, Culture=neutral, PublicKeyToken=null",
    "version": "1.0"
  },
  "paths": {
    "/api/Products": {
      "get": {
        "tags": [
          "Products"
        ],
        "produces": [
          "text/plain",
          "application/json",
          "text/json"
        ],
        "responses": {
          "200": {
            "description": "OK",
            "schema": {
              "type": "array",
              "items": {
                "$ref": "#/definitions/Product"
              }
            }
          }
        }
      },
      "post": {
        "tags": [
          "Products"
        ],
        "consumes": [
          "application/json",
          "text/json",
          "application/*+json"
        ],
        "produces": [
          "text/plain",
          "application/json",
          "text/json"
        ],
        "parameters": [
          {
            "in": "body",
            "name": "body",
            "schema": {
              "$ref": "#/definitions/Product"
            }
          }
        ],
        "responses": {
          "200": {
            "description": "OK",
            "schema": {
              "$ref": "#/definitions/Product"
            }
          }
        }
      }
    },
    "/api/Products/{id}": {
      "get": {
        "tags": [
          "Products"
        ],
        "produces": [
          "text/plain",
          "application/json",
          "text/json"
        ],
        "parameters": [
          {
            "in": "path",
            "name": "id",
            "required": true,
            "type": "string",
            "format": "uuid"
          }
        ],
        "responses": {
          "200": {
            "description": "OK",
            "schema": {
              "$ref": "#/definitions/Product"
            }
          }
        }
      },
      "put": {
        "tags": [
          "Products"
        ],
        "consumes": [
          "application/json",
          "text/json",
          "application/*+json"
        ],
        "parameters": [
          {
            "in": "path",
            "name": "id",
            "required": true,
            "type": "string",
            "format": "uuid"
          },
          {
            "in": "body",
            "name": "body",
            "schema": {
              "$ref": "#/definitions/Product"
            }
          }
        ],
        "responses": {
          "200": {
            "description": "OK"
          }
        }
      },
      "delete": {
        "tags": [
          "Products"
        ],
        "parameters": [
          {
            "in": "path",
            "name": "id",
            "required": true,
            "type": "string",
            "format": "uuid"
          }
        ],
        "responses": {
          "200": {
            "description": "OK"
          }
        }
      }
    },
    "/WeatherForecast": {
      "get": {
        "tags": [
          "WeatherForecast"
        ],
        "operationId": "GetWeatherForecast",
        "produces": [
          "text/plain",
          "application/json",
          "text/json"
        ],
        "responses": {
          "200": {
            "description": "OK",
            "schema": {
              "type": "array",
              "items": {
                "$ref": "#/definitions/WeatherForecast"
              }
            }
          }
        }
      }
    }
  },
  "definitions": {
    "Product": {
      "required": [
        "description",
        "name",
        "price",
        "units",
        "unitsInStock"
      ],
      "type": "object",
      "properties": {
        "id": {
          "format": "uuid",
          "type": "string"
        },
        "name": {
          "maxLength": 100,
          "minLength": 0,
          "type": "string"
        },
        "description": {
          "maxLength": 500,
          "minLength": 0,
          "type": "string"
        },
        "price": {
          "format": "double",
          "minimum": 0.01,
          "type": "number"
        },
        "units": {
          "maxLength": 20,
          "minLength": 0,
          "type": "string"
        },
        "picture": {
          "format": "uri",
          "type": "string"
        },
        "unitsInStock": {
          "format": "int32",
          "maximum": 2147483647,
          "minimum": 0,
          "type": "integer"
        }
      },
      "additionalProperties": false
    },
    "WeatherForecast": {
      "type": "object",
      "properties": {
        "date": {
          "format": "date",
          "type": "string"
        },
        "temperatureC": {
          "format": "int32",
          "type": "integer"
        },
        "temperatureF": {
          "format": "int32",
          "type": "integer",
          "readOnly": true
        },
        "summary": {
          "type": "string"
        }
      },
      "additionalProperties": false
    }
  }
}